Workbook
Name FreqCoefs: Coef_Freq!$A$2:$B$50
Name FreqIntercept: Coef_Freq!$B$2
Name KnotsX: Knots!$A$2:$A$62
Name KnotsY: Knots!$B$2:$B$62
Name LoadingsKeys: Loadings!$D$2:$D$8
Name LoadingsMult: Loadings!$C$2:$C$8
Name OffBalance: Scalars!$B$2
Name SevCoefs: Coef_Sev!$A$2:$B$50
Name SevIntercept: Coef_Sev!$B$2

Sheet README
A1: Insurance Pricing Engine - Excel Cross-Validation
A3: Purpose | B3: Replicates the Python pricing pipeline in Excel to validate model outputs and stress-test commercial loadings.
A5: Sheet | B5: Description
A6: Scalars | B6: Off-balance factor and key hyperparameters (read-only reference).
A7: Coef_Freq | B7: Poisson GLM intercept and dummy-variable coefficients.
A8: Coef_Sev | B8: Gamma GLM intercept and dummy-variable coefficients.
A9: Encoder_Map | B9: Reference level dropped by OneHotEncoder per categorical feature. A policy whose value equals the reference contributes 0 to the sum.
A10: Knots | B10: Isotonic calibration breakpoints. Excel interpolates linearly between them.
A11: Loadings | B11: Commercial loading multipliers. EDIT THESE (yellow cells) to flex pricing and watch Reconcile!Excel_Final_Price respond.
A12: Reconcile | B12: 100 test policies. Compares Excel-computed Final Price to Python's, with % difference and a Match flag. Successful reconciliation = all diffs under ~0.01% (floating-point precision).
A14: Color key | B14: Blue = input you can edit | Black = formula | Green = cross-sheet link | Yellow fill = editable loading
A16: Regenerate | B16: If the underlying Python model changes, rerun: python src/export_model_artifacts.py && python src/build_excel_engine.py

Sheet Scalars
A1: Key | B1: Value
A2: off_balance_factor | B2: 0.81567068
A3: gini_technical | B3: 0.42654372
A4: gini_commercial | B4: 0.48115062
A5: avg_premium | B5: 115.64597
A6: calibration_cap_threshold | B6: 15000
A7: severity_cap_percentile | B7: 0.999
A8: test_size | B8: 0.2
A9: random_state | B9: 42
A10: glm_alpha | B10: 0.01

Sheet Coef_Freq
A1: encoded_feature | B1: coefficient
A2: _intercept_ | B2: -2.3978234
A3: VehBrand_Bin_B2 | B3: -0.034902733
A4: VehBrand_Bin_B3 | B4: 0.0042227606
A5: VehBrand_Bin_B5 | B5: 0.018190583
A6: VehBrand_Bin_Other | B6: 0.11576751
A7: VehGas_'Regular' | B7: 0.046263644
A8: Region_R21 | B8: 0.0070612063
A9: Region_R22 | B9: 0.0091369292
A10: Region_R23 | B10: -0.0018498944
A11: Region_R24 | B11: -0.035209695
A12: Region_R25 | B12: 4.5138509e-05
A13: Region_R26 | B13: 0.001859752
... A50: DriverAge_Bin_75+ | B50: -0.015314333

Sheet Coef_Sev
A1: encoded_feature | B1: coefficient
A2: _intercept_ | B2: 7.7488266
A3: VehBrand_Bin_B2 | B3: 0.027563193
A4: VehBrand_Bin_B3 | B4: 0.048982253
A5: VehBrand_Bin_B5 | B5: -0.030112211
A6: VehBrand_Bin_Other | B6: 0.085081826
A7: VehGas_'Regular' | B7: 0.025015226
A8: Region_R21 | B8: 0.28321519
A9: Region_R22 | B9: 0.075408024
A10: Region_R23 | B10: -0.076423892
A11: Region_R24 | B11: 0.10516728
A12: Region_R25 | B12: 0.079906271
A13: Region_R26 | B13: 0.03754928
... A50: DriverAge_Bin_75+ | B50: -0.0073895442

Sheet Encoder_Map
A1: feature | B1: reference_level | C1: non_reference_levels
A2: VehBrand_Bin | B2: B1 | C2: B2|B3|B5|Other
A3: VehGas | B3: 'Diesel' | C3: 'Regular'
A4: Region | B4: R11 | C4: R21|R22|R23|R24|R25|R26|R31|R41|R42|R43|R52|R53|R54|R72|R73|R74|R82|R83|R91|R93|R94
A5: Area | B5: A | C5: B|C|D|E|F
A6: VehPower_Bin | B6: 10+ | C6: 4|5|6|7|8|9
A7: VehAge_Bin | B7: 11-20 | C7: 2-4|20+|5-10|New (0-1)
A8: DriverAge_Bin | B8: 18-21 | C8: 22-25|26-30|31-40|41-50|51-60|61-75|75+

Sheet Knots
A1: x | B1: y
A2: 71.977593 | B2: 0
A3: 76.169809 | B3: 0
A4: 76.277237 | B4: 26.664884
A5: 76.828034 | B5: 26.664884
A6: 76.872638 | B6: 51.818842
A7: 77.822165 | B7: 51.818842
A8: 77.963189 | B8: 56.002961
A9: 83.817694 | B9: 56.002961
A10: 83.843739 | B10: 68.277128
A11: 85.813138 | B11: 68.277128
A12: 85.840273 | B12: 75.484222
A13: 87.125214 | B13: 75.484222
... A62: 523.55592 | B62: 353.04309

Sheet Loadings
A1: feature | B1: bin | C1: multiplier | D1: key (helper)
A2: DriverAge_Bin | B2: 18-21 | C2: 2.4 | D2: =A2&"|"&B2 -> DriverAge_Bin|18-21
A3: DriverAge_Bin | B3: 22-25 | C3: 1.4 | D3: =A3&"|"&B3 -> DriverAge_Bin|22-25
A4: VehAge_Bin | B4: New (0-1) | C4: 0.75 | D4: =A4&"|"&B4 -> VehAge_Bin|New (0-1)
A5: VehAge_Bin | B5: 5-10 | C5: 1.12 | D5: =A5&"|"&B5 -> VehAge_Bin|5-10
A6: VehAge_Bin | B6: 20+ | C6: 0.55 | D6: =A6&"|"&B6 -> VehAge_Bin|20+
A7: VehPower_Bin | B7: 9 | C7: 1.3 | D7: =A7&"|"&B7 -> VehPower_Bin|9
A8: VehPower_Bin | B8: 4 | C8: 0.9 | D8: =A8&"|"&B8 -> VehPower_Bin|4

Sheet Sample_Policy
A1: Sample Policy
A3: Input Features
A4: VehBrand_Bin | B4: B3
A5: VehGas | B5: Regular
A6: Region | B6: R24
A7: Area | B7: C
A8: VehPower_Bin | B8: =Sensitivity_OneWay!E6 -> 6
A9: VehAge_Bin | B9: =Sensitivity_OneWay!E5 -> 11-20
A10: DriverAge_Bin | B10: =Sensitivity_OneWay!E4 -> 31-40
A12: Output (Excel-computed)
A13: PredFreq | B13: =EXP(FreqIntercept + IFERROR(VLOOKUP("VehBrand_Bin_"&B4, FreqCoefs, 2, FALSE), 0) + IFERROR(VLOOKUP("VehGas_"&B5, FreqCoefs, 2, FALSE), 0) + IFERROR(VLOOKUP("Region_"&B6, FreqCoefs, 2, FALSE), 0) + IFERROR(VLOOKUP("Area_"&B7, FreqCoefs, 2, FALSE), 0) + IFERROR(VLOOKUP("VehPower_Bin_"&B8, FreqCoefs, 2, FALSE), 0) + IFERROR(VLOOKUP("VehAge_Bin_"&B9, FreqCoefs, 2, FALSE), 0) + IFERROR(VLOOKUP("DriverAge_Bin_"&B10, FreqCoefs, 2, FALSE), 0)) -> 0.080326554
A14: PredSev | B14: =EXP(SevIntercept + IFERROR(VLOOKUP("VehBrand_Bin_"&B4, SevCoefs, 2, FALSE), 0) + IFERROR(VLOOKUP("VehGas_"&B5, SevCoefs, 2, FALSE), 0) + IFERROR(VLOOKUP("Region_"&B6, SevCoefs, 2, FALSE), 0) + IFERROR(VLOOKUP("Area_"&B7, SevCoefs, 2, FALSE), 0) + IFERROR(VLOOKUP("VehPower_Bin_"&B8, SevCoefs, 2, FALSE), 0) + IFERROR(VLOOKUP("VehAge_Bin_"&B9, SevCoefs, 2, FALSE), 0) + IFERROR(VLOOKUP("DriverAge_Bin_"&B10, SevCoefs, 2, FALSE), 0)) -> 2082.1437
A15: PurePrenium_Raw | B15: =B13*B14 -> 167.25143
A16: PurePrenium_OB | B16: =B15*OffBalance -> 136.42209
A17: PurePrenium_Calibrated | B17: {=IF(B16<=MIN(KnotsX),INDEX(KnotsY,1),IF(B16>=MAX(KnotsX),INDEX(KnotsY,COUNT(KnotsX)),INDEX(KnotsY,MATCH(B16,KnotsX,1))+(B16-INDEX(KnotsX,MATCH(B16,KnotsX,1)))*(INDEX(KnotsY,MATCH(B16,KnotsX,1)+1)-INDEX(KnotsY,MATCH(B16,KnotsX,1)))/(INDEX(KnotsX,MATCH(B16,KnotsX,1)+1)-INDEX(KnotsX,MATCH(B16,KnotsX,1)))))} -> 101.28878
A18: LoadingMult | B18: =IFERROR(INDEX(LoadingsMult,MATCH("DriverAge_Bin|"&B10,LoadingsKeys,0)),1) * IFERROR(INDEX(LoadingsMult,MATCH("VehAge_Bin|"&B9,LoadingsKeys,0)),1) * IFERROR(INDEX(LoadingsMult,MATCH("VehPower_Bin|"&B8,LoadingsKeys,0)),1) -> 1
A19: Final_Price | B19: =B17*B18 -> 101.28878

Sheet Sensitivity_OneWay
A1: One-Way Sensitivity
A3: DriverAge_Bin Sweep | D3: Bin Names | G3: Feature | H3: Min | I3: Max | J3: Swing | K3: Min Bin | L3: Max Bin | N3: Feature | O3: Left bar | P3: Right bar
A4: Bin | B4: =Sample_Policy!B19 -> 101.28878 | D4: DriverAge_Bin | E4: 31-40 | G4: DriverAge_Bin | H4: =MIN(B5:B12) -> 101.28878 | I4: =MAX(B5:B12) -> 331.65975 | J4: =I4-H4 -> 230.37097 | K4: =INDEX(A5:A12, MATCH(H4,B5:B12,0)) -> 31-40 | L4: =INDEX(A5:A12, MATCH(I4,B5:B12,0)) -> 18-21 | N4: =G4 -> DriverAge_Bin | O4: =H4-H8 -> 0 | P4: =I4-H8 -> 230.37097
A5: 18-21 | B5: 331.65975 | D5: VehAge_Bin | E5: 11-20 | G5: VehAge_Bin | H5: =MIN(B16:B20) -> 52.25363 | I5: =MAX(B16:B20) -> 113.44344 | J5: =I5-H5 -> 61.189809 | K5: =INDEX(A16:A20, MATCH(H5, B16:B20, 0)) -> 20+ | L5: =INDEX(A16:A20, MATCH(I5, B16:B20, 0)) -> 5-10 | N5: =G5 -> VehAge_Bin | O5: =H5-H8 -> -49.035155 | P5: =I5-H8 -> 12.154654
A6: 22-25 | B6: 184.03369 | D6: VehPower_Bin | E6: 6 | G6: VehPower_Bin | H6: =MIN(B24:B30) -> 77.625315 | I6: =MAX(B24:B30) -> 112.12545 | J6: =I6-H6 -> 34.50014 | K6: =INDEX(A24:A30, MATCH(H6, B24:B30, 0)) -> 4 | L6: =INDEX(A24:A30, MATCH(I6,B24:B30,0)) -> 9 | N6: =G6 -> VehPower_Bin | O6: =H6-H8 -> -23.66347 | P6: =I6-H8 -> 10.83667
A7: 26-30 | B7: 114.26093
A8: 31-40 | B8: 101.28878 | G8: Baseline | H8: =B4 -> 101.28878
A9: 41-50 | B9: 101.28878
A10: 51-60 | B10: 101.90231
A11: 61-75 | B11: 114.26093
A12: 75+ | B12: 138.19156
A14: VehAge_Bin Sweep
A15: Bin | B15: =Sample_Policy!B19 -> 101.28878
A16: New (0-1) | B16: 103.64367
A17: 2-4 | B17: 101.90231
A18: 5-10 | B18: 113.44344
A19: 11-20 | B19: 101.28878
A20: 20+ | B20: 52.25363
A22: VehPower_Bin Sweep
A23: Bin | B23: =Sample_Policy!B19 -> 101.28878
A24: 4 | B24: 77.625315
A25: 5 | B25: 86.25035
A26: 6 | B26: 101.28878
A27: 7 | B27: 87.885418
A28: 8 | B28: 86.25035
A29: 9 | B29: 112.12545
A30: 10+ | B30: 90.306492

Sheet Reconcile
A1: original_index | B1: DriverAge | C1: VehAge | D1: VehPower | E1: VehBrand | F1: VehBrand_Bin | G1: VehGas | H1: Region | I1: Area | J1: VehPower_Bin | K1: VehAge_Bin | L1: DriverAge_Bin | M1: Exposure | N1: ClaimNb | O1: TotalLoss | P1: Excel_PredFreq | Q1: Excel_PredSev | R1: Excel_PurePremium_Raw | S1: Excel_PurePremium_OB | T1: Excel_PurePremium_Calibrated | U1: Excel_LoadingMult | V1: Excel_Final_Price | W1: Py_Final_Price | X1: Diff | Y1: Pct_Diff | Z1: Match
A2: 448889 | B2: 37 | C2: 11 | D2: 6 | E2: B3 | F2: B3 | G2: 'Diesel' | H2: R24 | I2: C | J2: 6 | K2: 11-20 | L2: 31-40 | M2: 0.41 | N2: 0 | O2: 0 | P2: =EXP(FreqIntercept + IFERROR(VLOOKUP("VehBrand_Bin_"&F2, FreqCoefs, 2, FALSE), 0) + IFERROR(VLOOKUP("VehGas_"&G2, FreqCoefs, 2, FALSE), 0) + IFERROR(VLOOKUP("Region_"&H2, FreqCoefs, 2, FALSE), 0) + IFERROR(VLOOKUP("Area_"&I2, FreqCoefs, 2, FALSE), 0) + IFERROR(VLOOKUP("VehPower_Bin_"&J2, FreqCoefs, 2, FALSE), 0) + IFERROR(VLOOKUP("VehAge_Bin_"&K2, FreqCoefs, 2, FALSE), 0) + IFERROR(VLOOKUP("DriverAge_Bin_"&L2, FreqCoefs, 2, FALSE), 0)) -> 0.080326554 | Q2: =EXP(SevIntercept + IFERROR(VLOOKUP("VehBrand_Bin_"&F2, SevCoefs, 2, FALSE), 0) + IFERROR(VLOOKUP("VehGas_"&G2, SevCoefs, 2, FALSE), 0) + IFERROR(VLOOKUP("Region_"&H2, SevCoefs, 2, FALSE), 0) + IFERROR(VLOOKUP("Area_"&I2, SevCoefs, 2, FALSE), 0) + IFERROR(VLOOKUP("VehPower_Bin_"&J2, SevCoefs, 2, FALSE), 0) + IFERROR(VLOOKUP("VehAge_Bin_"&K2, SevCoefs, 2, FALSE), 0) + IFERROR(VLOOKUP("DriverAge_Bin_"&L2, SevCoefs, 2, FALSE), 0)) -> 2082.1437 | R2: =P2*Q2 -> 167.25143 | S2: =R2*OffBalance -> 136.42209 | T2: =IF(S2<=MIN(KnotsX),INDEX(KnotsY,1),IF(S2>=MAX(KnotsX),INDEX(KnotsY,COUNT(KnotsX)),INDEX(KnotsY,MATCH(S2,KnotsX,1))+(S2-INDEX(KnotsX,MATCH(S2,KnotsX,1)))*(INDEX(KnotsY,MATCH(S2,KnotsX,1)+1)-INDEX(KnotsY,MATCH(S2,KnotsX,1)))/(INDEX(KnotsX,MATCH(S2,KnotsX,1)+1)-INDEX(KnotsX,MATCH(S2,KnotsX,1))))) -> 101.28878 | U2: =IFERROR(INDEX(LoadingsMult, MATCH("DriverAge_Bin|"&L2, LoadingsKeys, 0)), 1) * IFERROR(INDEX(LoadingsMult, MATCH("VehAge_Bin|"&K2, LoadingsKeys, 0)), 1) * IFERROR(INDEX(LoadingsMult, MATCH("VehPower_Bin|"&J2, LoadingsKeys, 0)), 1) -> 1 | V2: =T2*U2 -> 101.28878 | W2: 101.28878 | X2: =V2-W2 -> 0 | Y2: =IFERROR(X2/W2,0) -> 0 | Z2: =IF(ABS(Y2)<0.0001,"PASS","FAIL") -> PASS
A3: 503800 | B3: 42 | C3: 1 | D3: 6 | E3: B12 | F3: Other | G3: 'Regular' | H3: R11 | I3: E | J3: 6 | K3: New (0-1) | L3: 41-50 | M3: 0.36 | N3: 0 | O3: 0 | P3: =EXP(FreqIntercept + IFERROR(VLOOKUP("VehBrand_Bin_"&F3, FreqCoefs, 2, FALSE), 0) + IFERROR(VLOOKUP("VehGas_"&G3, FreqCoefs, 2, FALSE), 0) + IFERROR(VLOOKUP("Region_"&H3, FreqCoefs, 2, FALSE), 0) + IFERROR(VLOOKUP("Area_"&I3, FreqCoefs, 2, FALSE), 0) + IFERROR(VLOOKUP("VehPower_Bin_"&J3, FreqCoefs, 2, FALSE), 0) + IFERROR(VLOOKUP("VehAge_Bin_"&K3, FreqCoefs, 2, FALSE), 0) + IFERROR(VLOOKUP("DriverAge_Bin_"&L3, FreqCoefs, 2, FALSE), 0)) -> 0.17907586 | Q3: =EXP(SevIntercept + IFERROR(VLOOKUP("VehBrand_Bin_"&F3, SevCoefs, 2, FALSE), 0) + IFERROR(VLOOKUP("VehGas_"&G3, SevCoefs, 2, FALSE), 0) + IFERROR(VLOOKUP("Region_"&H3, SevCoefs, 2, FALSE), 0) + IFERROR(VLOOKUP("Area_"&I3, SevCoefs, 2, FALSE), 0) + IFERROR(VLOOKUP("VehPower_Bin_"&J3, SevCoefs, 2, FALSE), 0) + IFERROR(VLOOKUP("VehAge_Bin_"&K3, SevCoefs, 2, FALSE), 0) + IFERROR(VLOOKUP("DriverAge_Bin_"&L3, SevCoefs, 2, FALSE), 0)) -> 2043.1367 | R3: =P3*Q3 -> 365.87647 | S3: =R3*OffBalance -> 298.43471 | T3: =IF(S3<=MIN(KnotsX),INDEX(KnotsY,1),IF(S3>=MAX(KnotsX),INDEX(KnotsY,COUNT(KnotsX)),INDEX(KnotsY,MATCH(S3,KnotsX,1))+(S3-INDEX(KnotsX,MATCH(S3,KnotsX,1)))*(INDEX(KnotsY,MATCH(S3,KnotsX,1)+1)-INDEX(KnotsY,MATCH(S3,KnotsX,1)))/(INDEX(KnotsX,MATCH(S3,KnotsX,1)+1)-INDEX(KnotsX,MATCH(S3,KnotsX,1))))) -> 160.86764 | U3: =IFERROR(INDEX(LoadingsMult, MATCH("DriverAge_Bin|"&L3, LoadingsKeys, 0)), 1) * IFERROR(INDEX(LoadingsMult, MATCH("VehAge_Bin|"&K3, LoadingsKeys, 0)), 1) * IFERROR(INDEX(LoadingsMult, MATCH("VehPower_Bin|"&J3, LoadingsKeys, 0)), 1) -> 0.75 | V3: =T3*U3 -> 120.65073 | W3: 120.65073 | X3: =V3-W3 -> 0 | Y3: =IFERROR(X3/W3,0) -> 0 | Z3: =IF(ABS(Y3)<0.0001,"PASS","FAIL") -> PASS
A4: 294449 | B4: 50 | C4: 6 | D4: 6 | E4: B1 | F4: B1 | G4: 'Diesel' | H4: R24 | I4: C | J4: 6 | K4: 5-10 | L4: 41-50 | M4: 0.31 | N4: 0 | O4: 0 | P4: =EXP(FreqIntercept + IFERROR(VLOOKUP("VehBrand_Bin_"&F4, FreqCoefs, 2, FALSE), 0) + IFERROR(VLOOKUP("VehGas_"&G4, FreqCoefs, 2, FALSE), 0) + IFERROR(VLOOKUP("Region_"&H4, FreqCoefs, 2, FALSE), 0) + IFERROR(VLOOKUP("Area_"&I4, FreqCoefs, 2, FALSE), 0) + IFERROR(VLOOKUP("VehPower_Bin_"&J4, FreqCoefs, 2, FALSE), 0) + IFERROR(VLOOKUP("VehAge_Bin_"&K4, FreqCoefs, 2, FALSE), 0) + IFERROR(VLOOKUP("DriverAge_Bin_"&L4, FreqCoefs, 2, FALSE), 0)) -> 0.092429529 | Q4: =EXP(SevIntercept + IFERROR(VLOOKUP("VehBrand_Bin_"&F4, SevCoefs, 2, FALSE), 0) + IFERROR(VLOOKUP("VehGas_"&G4, SevCoefs, 2, FALSE), 0) + IFERROR(VLOOKUP("Region_"&H4, SevCoefs, 2, FALSE), 0) + IFERROR(VLOOKUP("Area_"&I4, SevCoefs, 2, FALSE), 0) + IFERROR(VLOOKUP("VehPower_Bin_"&J4, SevCoefs, 2, FALSE), 0) + IFERROR(VLOOKUP("VehAge_Bin_"&K4, SevCoefs, 2, FALSE), 0) + IFERROR(VLOOKUP("DriverAge_Bin_"&L4, SevCoefs, 2, FALSE), 0)) -> 1741.7723 | R4: =P4*Q4 -> 160.9912 | S4: =R4*OffBalance -> 131.3158 | T4: =IF(S4<=MIN(KnotsX),INDEX(KnotsY,1),IF(S4>=MAX(KnotsX),INDEX(KnotsY,COUNT(KnotsX)),INDEX(KnotsY,MATCH(S4,KnotsX,1))+(S4-INDEX(KnotsX,MATCH(S4,KnotsX,1)))*(INDEX(KnotsY,MATCH(S4,KnotsX,1)+1)-INDEX(KnotsY,MATCH(S4,KnotsX,1)))/(INDEX(KnotsX,MATCH(S4,KnotsX,1)+1)-INDEX(KnotsX,MATCH(S4,KnotsX,1))))) -> 95.0066 | U4: =IFERROR(INDEX(LoadingsMult, MATCH("DriverAge_Bin|"&L4, LoadingsKeys, 0)), 1) * IFERROR(INDEX(LoadingsMult, MATCH("VehAge_Bin|"&K4, LoadingsKeys, 0)), 1) * IFERROR(INDEX(LoadingsMult, MATCH("VehPower_Bin|"&J4, LoadingsKeys, 0)), 1) -> 1.12 | V4: =T4*U4 -> 106.40739 | W4: 106.40739 | X4: =V4-W4 -> 0 | Y4: =IFERROR(X4/W4,0) -> 0 | Z4: =IF(ABS(Y4)<0.0001,"PASS","FAIL") -> PASS
A5: 621912 | B5: 33 | C5: 1 | D5: 7 | E5: B12 | F5: Other | G5: 'Diesel' | H5: R93 | I5: C | J5: 7 | K5: New (0-1) | L5: 31-40 | M5: 0.03 | N5: 0 | O5: 0 | P5: =EXP(FreqIntercept + IFERROR(VLOOKUP("VehBrand_Bin_"&F5, FreqCoefs, 2, FALSE), 0) + IFERROR(VLOOKUP("VehGas_"&G5, FreqCoefs, 2, FALSE), 0) + IFERROR(VLOOKUP("Region_"&H5, FreqCoefs, 2, FALSE), 0) + IFERROR(VLOOKUP("Area_"&I5, FreqCoefs, 2, FALSE), 0) + IFERROR(VLOOKUP("VehPower_Bin_"&J5, FreqCoefs, 2, FALSE), 0) + IFERROR(VLOOKUP("VehAge_Bin_"&K5, FreqCoefs, 2, FALSE), 0) + IFERROR(VLOOKUP("DriverAge_Bin_"&L5, FreqCoefs, 2, FALSE), 0)) -> 0.12531533 | Q5: =EXP(SevIntercept + IFERROR(VLOOKUP("VehBrand_Bin_"&F5, SevCoefs, 2, FALSE), 0) + IFERROR(VLOOKUP("VehGas_"&G5, SevCoefs, 2, FALSE), 0) + IFERROR(VLOOKUP("Region_"&H5, SevCoefs, 2, FALSE), 0) + IFERROR(VLOOKUP("Area_"&I5, SevCoefs, 2, FALSE), 0) + IFERROR(VLOOKUP("VehPower_Bin_"&J5, SevCoefs, 2, FALSE), 0) + IFERROR(VLOOKUP("VehAge_Bin_"&K5, SevCoefs, 2, FALSE), 0) + IFERROR(VLOOKUP("DriverAge_Bin_"&L5, SevCoefs, 2, FALSE), 0)) -> 2388.2822 | R5: =P5*Q5 -> 299.28837 | S5: =R5*OffBalance -> 244.12075 | T5: =IF(S5<=MIN(KnotsX),INDEX(KnotsY,1),IF(S5>=MAX(KnotsX),INDEX(KnotsY,COUNT(KnotsX)),INDEX(KnotsY,MATCH(S5,KnotsX,1))+(S5-INDEX(KnotsX,MATCH(S5,KnotsX,1)))*(INDEX(KnotsY,MATCH(S5,KnotsX,1)+1)-INDEX(KnotsY,MATCH(S5,KnotsX,1)))/(INDEX(KnotsX,MATCH(S5,KnotsX,1)+1)-INDEX(KnotsX,MATCH(S5,KnotsX,1))))) -> 138.19156 | U5: =IFERROR(INDEX(LoadingsMult, MATCH("DriverAge_Bin|"&L5, LoadingsKeys, 0)), 1) * IFERROR(INDEX(LoadingsMult, MATCH("VehAge_Bin|"&K5, LoadingsKeys, 0)), 1) * IFERROR(INDEX(LoadingsMult, MATCH("VehPower_Bin|"&J5, LoadingsKeys, 0)), 1) -> 0.75 | V5: =T5*U5 -> 103.64367 | W5: 103.64367 | X5: =V5-W5 -> 0 | Y5: =IFERROR(X5/W5,0) -> 0 | Z5: =IF(ABS(Y5)<0.0001,"PASS","FAIL") -> PASS
A6: 121622 | B6: 44 | C6: 13 | D6: 5 | E6: B2 | F6: B2 | G6: 'Diesel' | H6: R93 | I6: C | J6: 5 | K6: 11-20 | L6: 41-50 | M6: 1 | N6: 0 | O6: 0 | P6: =EXP(FreqIntercept + IFERROR(VLOOKUP("VehBrand_Bin_"&F6, FreqCoefs, 2, FALSE), 0) + IFERROR(VLOOKUP("VehGas_"&G6, FreqCoefs, 2, FALSE), 0) + IFERROR(VLOOKUP("Region_"&H6, FreqCoefs, 2, FALSE), 0) + IFERROR(VLOOKUP("Area_"&I6, FreqCoefs, 2, FALSE), 0) + IFERROR(VLOOKUP("VehPower_Bin_"&J6, FreqCoefs, 2, FALSE), 0) + IFERROR(VLOOKUP("VehAge_Bin_"&K6, FreqCoefs, 2, FALSE), 0) + IFERROR(VLOOKUP("DriverAge_Bin_"&L6, FreqCoefs, 2, FALSE), 0)) -> 0.090080868 | Q6: =EXP(SevIntercept + IFERROR(VLOOKUP("VehBrand_Bin_"&F6, SevCoefs, 2, FALSE), 0) + IFERROR(VLOOKUP("VehGas_"&G6, SevCoefs, 2, FALSE), 0) + IFERROR(VLOOKUP("Region_"&H6, SevCoefs, 2, FALSE), 0) + IFERROR(VLOOKUP("Area_"&I6, SevCoefs, 2, FALSE), 0) + IFERROR(VLOOKUP("VehPower_Bin_"&J6, SevCoefs, 2, FALSE), 0) + IFERROR(VLOOKUP("VehAge_Bin_"&K6, SevCoefs, 2, FALSE), 0) + IFERROR(VLOOKUP("DriverAge_Bin_"&L6, SevCoefs, 2, FALSE), 0)) -> 1629.9037 | R6: =P6*Q6 -> 146.82314 | S6: =R6*OffBalance -> 119.75933 | T6: =IF(S6<=MIN(KnotsX),INDEX(KnotsY,1),IF(S6>=MAX(KnotsX),INDEX(KnotsY,COUNT(KnotsX)),INDEX(KnotsY,MATCH(S6,KnotsX,1))+(S6-INDEX(KnotsX,MATCH(S6,KnotsX,1)))*(INDEX(KnotsY,MATCH(S6,KnotsX,1)+1)-INDEX(KnotsY,MATCH(S6,KnotsX,1)))/(INDEX(KnotsX,MATCH(S6,KnotsX,1)+1)-INDEX(KnotsX,MATCH(S6,KnotsX,1))))) -> 87.885418 | U6: =IFERROR(INDEX(LoadingsMult, MATCH("DriverAge_Bin|"&L6, LoadingsKeys, 0)), 1) * IFERROR(INDEX(LoadingsMult, MATCH("VehAge_Bin|"&K6, LoadingsKeys, 0)), 1) * IFERROR(INDEX(LoadingsMult, MATCH("VehPower_Bin|"&J6, LoadingsKeys, 0)), 1) -> 1 | V6: =T6*U6 -> 87.885418 | W6: 87.885418 | X6: =V6-W6 -> 0 | Y6: =IFERROR(X6/W6,0) -> 0 | Z6: =IF(ABS(Y6)<0.0001,"PASS","FAIL") -> PASS
A7: 554093 | B7: 63 | C7: 15 | D7: 4 | E7: B1 | F7: B1 | G7: 'Regular' | H7: R53 | I7: A | J7: 4 | K7: 11-20 | L7: 61-75 | M7: 1 | N7: 0 | O7: 0 | P7: =EXP(FreqIntercept + IFERROR(VLOOKUP("VehBrand_Bin_"&F7, FreqCoefs, 2, FALSE), 0) + IFERROR(VLOOKUP("VehGas_"&G7, FreqCoefs, 2, FALSE), 0) + IFERROR(VLOOKUP("Region_"&H7, FreqCoefs, 2, FALSE), 0) + IFERROR(VLOOKUP("Area_"&I7, FreqCoefs, 2, FALSE), 0) + IFERROR(VLOOKUP("VehPower_Bin_"&J7, FreqCoefs, 2, FALSE), 0) + IFERROR(VLOOKUP("VehAge_Bin_"&K7, FreqCoefs, 2, FALSE), 0) + IFERROR(VLOOKUP("DriverAge_Bin_"&L7, FreqCoefs, 2, FALSE), 0)) -> 0.08413328 | Q7: =EXP(SevIntercept + IFERROR(VLOOKUP("VehBrand_Bin_"&F7, SevCoefs, 2, FALSE), 0) + IFERROR(VLOOKUP("VehGas_"&G7, SevCoefs, 2, FALSE), 0) + IFERROR(VLOOKUP("Region_"&H7, SevCoefs, 2, FALSE), 0) + IFERROR(VLOOKUP("Area_"&I7, SevCoefs, 2, FALSE), 0) + IFERROR(VLOOKUP("VehPower_Bin_"&J7, SevCoefs, 2, FALSE), 0) + IFERROR(VLOOKUP("VehAge_Bin_"&K7, SevCoefs, 2, FALSE), 0) + IFERROR(VLOOKUP("DriverAge_Bin_"&L7, SevCoefs, 2, FALSE), 0)) -> 2024.2522 | R7: =P7*Q7 -> 170.30697 | S7: =R7*OffBalance -> 138.91441 | T7: =IF(S7<=MIN(KnotsX),INDEX(KnotsY,1),IF(S7>=MAX(KnotsX),INDEX(KnotsY,COUNT(KnotsX)),INDEX(KnotsY,MATCH(S7,KnotsX,1))+(S7-INDEX(KnotsX,MATCH(S7,KnotsX,1)))*(INDEX(KnotsY,MATCH(S7,KnotsX,1)+1)-INDEX(KnotsY,MATCH(S7,KnotsX,1)))/(INDEX(KnotsX,MATCH(S7,KnotsX,1)+1)-INDEX(KnotsX,MATCH(S7,KnotsX,1))))) -> 101.28878 | U7: =IFERROR(INDEX(LoadingsMult, MATCH("DriverAge_Bin|"&L7, LoadingsKeys, 0)), 1) * IFERROR(INDEX(LoadingsMult, MATCH("VehAge_Bin|"&K7, LoadingsKeys, 0)), 1) * IFERROR(INDEX(LoadingsMult, MATCH("VehPower_Bin|"&J7, LoadingsKeys, 0)), 1) -> 0.9 | V7: =T7*U7 -> 91.159906 | W7: 91.159906 | X7: =V7-W7 -> 0 | Y7: =IFERROR(X7/W7,0) -> 0 | Z7: =IF(ABS(Y7)<0.0001,"PASS","FAIL") -> PASS
A8: 217029 | B8: 57 | C8: 3 | D8: 6 | E8: B12 | F8: Other | G8: 'Diesel' | H8: R52 | I8: E | J8: 6 | K8: 2-4 | L8: 51-60 | M8: 0.16 | N8: 0 | O8: 0 | P8: =EXP(FreqIntercept + IFERROR(VLOOKUP("VehBrand_Bin_"&F8, FreqCoefs, 2, FALSE), 0) + IFERROR(VLOOKUP("VehGas_"&G8, FreqCoefs, 2, FALSE), 0) + IFERROR(VLOOKUP("Region_"&H8, FreqCoefs, 2, FALSE), 0) + IFERROR(VLOOKUP("Area_"&I8, FreqCoefs, 2, FALSE), 0) + IFERROR(VLOOKUP("VehPower_Bin_"&J8, FreqCoefs, 2, FALSE), 0) + IFERROR(VLOOKUP("VehAge_Bin_"&K8, FreqCoefs, 2, FALSE), 0) + IFERROR(VLOOKUP("DriverAge_Bin_"&L8, FreqCoefs, 2, FALSE), 0)) -> 0.10899652 | Q8: =EXP(SevIntercept + IFERROR(VLOOKUP("VehBrand_Bin_"&F8, SevCoefs, 2, FALSE), 0) + IFERROR(VLOOKUP("VehGas_"&G8, SevCoefs, 2, FALSE), 0) + IFERROR(VLOOKUP("Region_"&H8, SevCoefs, 2, FALSE), 0) + IFERROR(VLOOKUP("Area_"&I8, SevCoefs, 2, FALSE), 0) + IFERROR(VLOOKUP("VehPower_Bin_"&J8, SevCoefs, 2, FALSE), 0) + IFERROR(VLOOKUP("VehAge_Bin_"&K8, SevCoefs, 2, FALSE), 0) + IFERROR(VLOOKUP("DriverAge_Bin_"&L8, SevCoefs, 2, FALSE), 0)) -> 1917.9334 | R8: =P8*Q8 -> 209.04807 | S8: =R8*OffBalance -> 170.51439 | T8: =IF(S8<=MIN(KnotsX),INDEX(KnotsY,1),IF(S8>=MAX(KnotsX),INDEX(KnotsY,COUNT(KnotsX)),INDEX(KnotsY,MATCH(S8,KnotsX,1))+(S8-INDEX(KnotsX,MATCH(S8,KnotsX,1)))*(INDEX(KnotsY,MATCH(S8,KnotsX,1)+1)-INDEX(KnotsY,MATCH(S8,KnotsX,1)))/(INDEX(KnotsX,MATCH(S8,KnotsX,1)+1)-INDEX(KnotsX,MATCH(S8,KnotsX,1))))) -> 129.79971 | U8: =IFERROR(INDEX(LoadingsMult, MATCH("DriverAge_Bin|"&L8, LoadingsKeys, 0)), 1) * IFERROR(INDEX(LoadingsMult, MATCH("VehAge_Bin|"&K8, LoadingsKeys, 0)), 1) * IFERROR(INDEX(LoadingsMult, MATCH("VehPower_Bin|"&J8, LoadingsKeys, 0)), 1) -> 1 | V8: =T8*U8 -> 129.79971 | W8: 129.79971 | X8: =V8-W8 -> 0 | Y8: =IFERROR(X8/W8,0) -> 0 | Z8: =IF(ABS(Y8)<0.0001,"PASS","FAIL") -> PASS
A9: 115796 | B9: 34 | C9: 2 | D9: 6 | E9: B2 | F9: B2 | G9: 'Regular' | H9: R24 | I9: B | J9: 6 | K9: 2-4 | L9: 31-40 | M9: 1 | N9: 0 | O9: 0 | P9: =EXP(FreqIntercept + IFERROR(VLOOKUP("VehBrand_Bin_"&F9, FreqCoefs, 2, FALSE), 0) + IFERROR(VLOOKUP("VehGas_"&G9, FreqCoefs, 2, FALSE), 0) + IFERROR(VLOOKUP("Region_"&H9, FreqCoefs, 2, FALSE), 0) + IFERROR(VLOOKUP("Area_"&I9, FreqCoefs, 2, FALSE), 0) + IFERROR(VLOOKUP("VehPower_Bin_"&J9, FreqCoefs, 2, FALSE), 0) + IFERROR(VLOOKUP("VehAge_Bin_"&K9, FreqCoefs, 2, FALSE), 0) + IFERROR(VLOOKUP("DriverAge_Bin_"&L9, FreqCoefs, 2, FALSE), 0)) -> 0.078744226 | Q9: =EXP(SevIntercept + IFERROR(VLOOKUP("VehBrand_Bin_"&F9, SevCoefs, 2, FALSE), 0) + IFERROR(VLOOKUP("VehGas_"&G9, SevCoefs, 2, FALSE), 0) + IFERROR(VLOOKUP("Region_"&H9, SevCoefs, 2, FALSE), 0) + IFERROR(VLOOKUP("Area_"&I9, SevCoefs, 2, FALSE), 0) + IFERROR(VLOOKUP("VehPower_Bin_"&J9, SevCoefs, 2, FALSE), 0) + IFERROR(VLOOKUP("VehAge_Bin_"&K9, SevCoefs, 2, FALSE), 0) + IFERROR(VLOOKUP("DriverAge_Bin_"&L9, SevCoefs, 2, FALSE), 0)) -> 2175.7029 | R9: =P9*Q9 -> 171.32404 | S9: =R9*OffBalance -> 139.744 | T9: =IF(S9<=MIN(KnotsX),INDEX(KnotsY,1),IF(S9>=MAX(KnotsX),INDEX(KnotsY,COUNT(KnotsX)),INDEX(KnotsY,MATCH(S9,KnotsX,1))+(S9-INDEX(KnotsX,MATCH(S9,KnotsX,1)))*(INDEX(KnotsY,MATCH(S9,KnotsX,1)+1)-INDEX(KnotsY,MATCH(S9,KnotsX,1)))/(INDEX(KnotsX,MATCH(S9,KnotsX,1)+1)-INDEX(KnotsX,MATCH(S9,KnotsX,1))))) -> 101.90231 | U9: =IFERROR(INDEX(LoadingsMult, MATCH("DriverAge_Bin|"&L9, LoadingsKeys, 0)), 1) * IFERROR(INDEX(LoadingsMult, MATCH("VehAge_Bin|"&K9, LoadingsKeys, 0)), 1) * IFERROR(INDEX(LoadingsMult, MATCH("VehPower_Bin|"&J9, LoadingsKeys, 0)), 1) -> 1 | V9: =T9*U9 -> 101.90231 | W9: 101.90231 | X9: =V9-W9 -> 0 | Y9: =IFERROR(X9/W9,0) -> 0 | Z9: =IF(ABS(Y9)<0.0001,"PASS","FAIL") -> PASS
A10: 555492 | B10: 21 | C10: 5 | D10: 5 | E10: B5 | F10: B5 | G10: 'Diesel' | H10: R24 | I10: A | J10: 5 | K10: 5-10 | L10: 18-21 | M10: 0.75 | N10: 0 | O10: 0 | P10: =EXP(FreqIntercept + IFERROR(VLOOKUP("VehBrand_Bin_"&F10, FreqCoefs, 2, FALSE), 0) + IFERROR(VLOOKUP("VehGas_"&G10, FreqCoefs, 2, FALSE), 0) + IFERROR(VLOOKUP("Region_"&H10, FreqCoefs, 2, FALSE), 0) + IFERROR(VLOOKUP("Area_"&I10, FreqCoefs, 2, FALSE), 0) + IFERROR(VLOOKUP("VehPower_Bin_"&J10, FreqCoefs, 2, FALSE), 0) + IFERROR(VLOOKUP("VehAge_Bin_"&K10, FreqCoefs, 2, FALSE), 0) + IFERROR(VLOOKUP("DriverAge_Bin_"&L10, FreqCoefs, 2, FALSE), 0)) -> 0.097099869 | Q10: =EXP(SevIntercept + IFERROR(VLOOKUP("VehBrand_Bin_"&F10, SevCoefs, 2, FALSE), 0) + IFERROR(VLOOKUP("VehGas_"&G10, SevCoefs, 2, FALSE), 0) + IFERROR(VLOOKUP("Region_"&H10, SevCoefs, 2, FALSE), 0) + IFERROR(VLOOKUP("Area_"&I10, SevCoefs, 2, FALSE), 0) + IFERROR(VLOOKUP("VehPower_Bin_"&J10, SevCoefs, 2, FALSE), 0) + IFERROR(VLOOKUP("VehAge_Bin_"&K10, SevCoefs, 2, FALSE), 0) + IFERROR(VLOOKUP("DriverAge_Bin_"&L10, SevCoefs, 2, FALSE), 0)) -> 2078.5981 | R10: =P10*Q10 -> 201.8316 | S10: =R10*OffBalance -> 164.62812 | T10: =IF(S10<=MIN(KnotsX),INDEX(KnotsY,1),IF(S10>=MAX(KnotsX),INDEX(KnotsY,COUNT(KnotsX)),INDEX(KnotsY,MATCH(S10,KnotsX,1))+(S10-INDEX(KnotsX,MATCH(S10,KnotsX,1)))*(INDEX(KnotsY,MATCH(S10,KnotsX,1)+1)-INDEX(KnotsY,MATCH(S10,KnotsX,1)))/(INDEX(KnotsX,MATCH(S10,KnotsX,1)+1)-INDEX(KnotsX,MATCH(S10,KnotsX,1))))) -> 129.79971 | U10: =IFERROR(INDEX(LoadingsMult, MATCH("DriverAge_Bin|"&L10, LoadingsKeys, 0)), 1) * IFERROR(INDEX(LoadingsMult, MATCH("VehAge_Bin|"&K10, LoadingsKeys, 0)), 1) * IFERROR(INDEX(LoadingsMult, MATCH("VehPower_Bin|"&J10, LoadingsKeys, 0)), 1) -> 2.688 | V10: =T10*U10 -> 348.90162 | W10: 348.90162 | X10: =V10-W10 -> 0 | Y10: =IFERROR(X10/W10,0) -> 0 | Z10: =IF(ABS(Y10)<0.0001,"PASS","FAIL") -> PASS
A11: 552991 | B11: 57 | C11: 4 | D11: 7 | E11: B10 | F11: Other | G11: 'Diesel' | H11: R83 | I11: B | J11: 7 | K11: 2-4 | L11: 51-60 | M11: 1 | N11: 0 | O11: 0 | P11: =EXP(FreqIntercept + IFERROR(VLOOKUP("VehBrand_Bin_"&F11, FreqCoefs, 2, FALSE), 0) + IFERROR(VLOOKUP("VehGas_"&G11, FreqCoefs, 2, FALSE), 0) + IFERROR(VLOOKUP("Region_"&H11, FreqCoefs, 2, FALSE), 0) + IFERROR(VLOOKUP("Area_"&I11, FreqCoefs, 2, FALSE), 0) + IFERROR(VLOOKUP("VehPower_Bin_"&J11, FreqCoefs, 2, FALSE), 0) + IFERROR(VLOOKUP("VehAge_Bin_"&K11, FreqCoefs, 2, FALSE), 0) + IFERROR(VLOOKUP("DriverAge_Bin_"&L11, FreqCoefs, 2, FALSE), 0)) -> 0.088140676 | Q11: =EXP(SevIntercept + IFERROR(VLOOKUP("VehBrand_Bin_"&F11, SevCoefs, 2, FALSE), 0) + IFERROR(VLOOKUP("VehGas_"&G11, SevCoefs, 2, FALSE), 0) + IFERROR(VLOOKUP("Region_"&H11, SevCoefs, 2, FALSE), 0) + IFERROR(VLOOKUP("Area_"&I11, SevCoefs, 2, FALSE), 0) + IFERROR(VLOOKUP("VehPower_Bin_"&J11, SevCoefs, 2, FALSE), 0) + IFERROR(VLOOKUP("VehAge_Bin_"&K11, SevCoefs, 2, FALSE), 0) + IFERROR(VLOOKUP("DriverAge_Bin_"&L11, SevCoefs, 2, FALSE), 0)) -> 1605.8919 | R11: =P11*Q11 -> 141.5444 | S11: =R11*OffBalance -> 115.45361 | T11: =IF(S11<=MIN(KnotsX),INDEX(KnotsY,1),IF(S11>=MAX(KnotsX),INDEX(KnotsY,COUNT(KnotsX)),INDEX(KnotsY,MATCH(S11,KnotsX,1))+(S11-INDEX(KnotsX,MATCH(S11,KnotsX,1)))*(INDEX(KnotsY,MATCH(S11,KnotsX,1)+1)-INDEX(KnotsY,MATCH(S11,KnotsX,1)))/(INDEX(KnotsX,MATCH(S11,KnotsX,1)+1)-INDEX(KnotsX,MATCH(S11,KnotsX,1))))) -> 86.25035 | U11: =IFERROR(INDEX(LoadingsMult, MATCH("DriverAge_Bin|"&L11, LoadingsKeys, 0)), 1) * IFERROR(INDEX(LoadingsMult, MATCH("VehAge_Bin|"&K11, LoadingsKeys, 0)), 1) * IFERROR(INDEX(LoadingsMult, MATCH("VehPower_Bin|"&J11, LoadingsKeys, 0)), 1) -> 1 | V11: =T11*U11 -> 86.25035 | W11: 86.25035 | X11: =V11-W11 -> 0 | Y11: =IFERROR(X11/W11,0) -> 0 | Z11: =IF(ABS(Y11)<0.0001,"PASS","FAIL") -> PASS
A12: 319314 | B12: 26 | C12: 7 | D12: 7 | E12: B1 | F12: B1 | G12: 'Diesel' | H12: R82 | I12: C | J12: 7 | K12: 5-10 | L12: 26-30 | M12: 0.08 | N12: 0 | O12: 0 | P12: =EXP(FreqIntercept + IFERROR(VLOOKUP("VehBrand_Bin_"&F12, FreqCoefs, 2, FALSE), 0) + IFERROR(VLOOKUP("VehGas_"&G12, FreqCoefs, 2, FALSE), 0) + IFERROR(VLOOKUP("Region_"&H12, FreqCoefs, 2, FALSE), 0) + IFERROR(VLOOKUP("Area_"&I12, FreqCoefs, 2, FALSE), 0) + IFERROR(VLOOKUP("VehPower_Bin_"&J12, FreqCoefs, 2, FALSE), 0) + IFERROR(VLOOKUP("VehAge_Bin_"&K12, FreqCoefs, 2, FALSE), 0) + IFERROR(VLOOKUP("DriverAge_Bin_"&L12, FreqCoefs, 2, FALSE), 0)) -> 0.09465984 | Q12: =EXP(SevIntercept + IFERROR(VLOOKUP("VehBrand_Bin_"&F12, SevCoefs, 2, FALSE), 0) + IFERROR(VLOOKUP("VehGas_"&G12, SevCoefs, 2, FALSE), 0) + IFERROR(VLOOKUP("Region_"&H12, SevCoefs, 2, FALSE), 0) + IFERROR(VLOOKUP("Area_"&I12, SevCoefs, 2, FALSE), 0) + IFERROR(VLOOKUP("VehPower_Bin_"&J12, SevCoefs, 2, FALSE), 0) + IFERROR(VLOOKUP("VehAge_Bin_"&K12, SevCoefs, 2, FALSE), 0) + IFERROR(VLOOKUP("DriverAge_Bin_"&L12, SevCoefs, 2, FALSE), 0)) -> 1693.6956 | R12: =P12*Q12 -> 160.32495 | S12: =R12*OffBalance -> 130.77236 | T12: =IF(S12<=MIN(KnotsX),INDEX(KnotsY,1),IF(S12>=MAX(KnotsX),INDEX(KnotsY,COUNT(KnotsX)),INDEX(KnotsY,MATCH(S12,KnotsX,1))+(S12-INDEX(KnotsX,MATCH(S12,KnotsX,1)))*(INDEX(KnotsY,MATCH(S12,KnotsX,1)+1)-INDEX(KnotsY,MATCH(S12,KnotsX,1)))/(INDEX(KnotsX,MATCH(S12,KnotsX,1)+1)-INDEX(KnotsX,MATCH(S12,KnotsX,1))))) -> 95.0066 | U12: =IFERROR(INDEX(LoadingsMult, MATCH("DriverAge_Bin|"&L12, LoadingsKeys, 0)), 1) * IFERROR(INDEX(LoadingsMult, MATCH("VehAge_Bin|"&K12, LoadingsKeys, 0)), 1) * IFERROR(INDEX(LoadingsMult, MATCH("VehPower_Bin|"&J12, LoadingsKeys, 0)), 1) -> 1.12 | V12: =T12*U12 -> 106.40739 | W12: 106.40739 | X12: =V12-W12 -> 0 | Y12: =IFERROR(X12/W12,0) -> 0 | Z12: =IF(ABS(Y12)<0.0001,"PASS","FAIL") -> PASS
A13: 440106 | B13: 23 | C13: 6 | D13: 5 | E13: B4 | F13: Other | G13: 'Diesel' | H13: R53 | I13: A | J13: 5 | K13: 5-10 | L13: 22-25 | M13: 0.02 | N13: 0 | O13: 0 | P13: =EXP(FreqIntercept + IFERROR(VLOOKUP("VehBrand_Bin_"&F13, FreqCoefs, 2, FALSE), 0) + IFERROR(VLOOKUP("VehGas_"&G13, FreqCoefs, 2, FALSE), 0) + IFERROR(VLOOKUP("Region_"&H13, FreqCoefs, 2, FALSE), 0) + IFERROR(VLOOKUP("Area_"&I13, FreqCoefs, 2, FALSE), 0) + IFERROR(VLOOKUP("VehPower_Bin_"&J13, FreqCoefs, 2, FALSE), 0) + IFERROR(VLOOKUP("VehAge_Bin_"&K13, FreqCoefs, 2, FALSE), 0) + IFERROR(VLOOKUP("DriverAge_Bin_"&L13, FreqCoefs, 2, FALSE), 0)) -> 0.12460496 | Q13: =EXP(SevIntercept + IFERROR(VLOOKUP("VehBrand_Bin_"&F13, SevCoefs, 2, FALSE), 0) + IFERROR(VLOOKUP("VehGas_"&G13, SevCoefs, 2, FALSE), 0) + IFERROR(VLOOKUP("Region_"&H13, SevCoefs, 2, FALSE), 0) + IFERROR(VLOOKUP("Area_"&I13, SevCoefs, 2, FALSE), 0) + IFERROR(VLOOKUP("VehPower_Bin_"&J13, SevCoefs, 2, FALSE), 0) + IFERROR(VLOOKUP("VehAge_Bin_"&K13, SevCoefs, 2, FALSE), 0) + IFERROR(VLOOKUP("DriverAge_Bin_"&L13, SevCoefs, 2, FALSE), 0)) -> 1845.2534 | R13: =P13*Q13 -> 229.92773 | S13: =R13*OffBalance -> 187.54531 | T13: =IF(S13<=MIN(KnotsX),INDEX(KnotsY,1),IF(S13>=MAX(KnotsX),INDEX(KnotsY,COUNT(KnotsX)),INDEX(KnotsY,MATCH(S13,KnotsX,1))+(S13-INDEX(KnotsX,MATCH(S13,KnotsX,1)))*(INDEX(KnotsY,MATCH(S13,KnotsX,1)+1)-INDEX(KnotsY,MATCH(S13,KnotsX,1)))/(INDEX(KnotsX,MATCH(S13,KnotsX,1)+1)-INDEX(KnotsX,MATCH(S13,KnotsX,1))))) -> 138.19156 | U13: =IFERROR(INDEX(LoadingsMult, MATCH("DriverAge_Bin|"&L13, LoadingsKeys, 0)), 1) * IFERROR(INDEX(LoadingsMult, MATCH("VehAge_Bin|"&K13, LoadingsKeys, 0)), 1) * IFERROR(INDEX(LoadingsMult, MATCH("VehPower_Bin|"&J13, LoadingsKeys, 0)), 1) -> 1.568 | V13: =T13*U13 -> 216.68437 | W13: 216.68437 | X13: =V13-W13 -> 0 | Y13: =IFERROR(X13/W13,0) -> 0 | Z13: =IF(ABS(Y13)<0.0001,"PASS","FAIL") -> PASS
... A101: 397661 | B101: 62 | C101: 11 | D101: 4 | E101: B3 | F101: B3 | G101: 'Regular' | H101: R93 | I101: E | J101: 4 | K101: 11-20 | L101: 61-75 | M101: 0.06 | N101: 0 | O101: 0 | P101: =EXP(FreqIntercept + IFERROR(VLOOKUP("VehBrand_Bin_"&F101, FreqCoefs, 2, FALSE), 0) + IFERROR(VLOOKUP("VehGas_"&G101, FreqCoefs, 2, FALSE), 0) + IFERROR(VLOOKUP("Region_"&H101, FreqCoefs, 2, FALSE), 0) + IFERROR(VLOOKUP("Area_"&I101, FreqCoefs, 2, FALSE), 0) + IFERROR(VLOOKUP("VehPower_Bin_"&J101, FreqCoefs, 2, FALSE), 0) + IFERROR(VLOOKUP("VehAge_Bin_"&K101, FreqCoefs, 2, FALSE), 0) + IFERROR(VLOOKUP("DriverAge_Bin_"&L101, FreqCoefs, 2, FALSE), 0)) -> 0.096326534 | Q101: =EXP(SevIntercept + IFERROR(VLOOKUP("VehBrand_Bin_"&F101, SevCoefs, 2, FALSE), 0) + IFERROR(VLOOKUP("VehGas_"&G101, SevCoefs, 2, FALSE), 0) + IFERROR(VLOOKUP("Region_"&H101, SevCoefs, 2, FALSE), 0) + IFERROR(VLOOKUP("Area_"&I101, SevCoefs, 2, FALSE), 0) + IFERROR(VLOOKUP("VehPower_Bin_"&J101, SevCoefs, 2, FALSE), 0) + IFERROR(VLOOKUP("VehAge_Bin_"&K101, SevCoefs, 2, FALSE), 0) + IFERROR(VLOOKUP("DriverAge_Bin_"&L101, SevCoefs, 2, FALSE), 0)) -> 2390.2809 | R101: =P101*Q101 -> 230.24748 | S101: =R101*OffBalance -> 187.80612 | T101: =IF(S101<=MIN(KnotsX),INDEX(KnotsY,1),IF(S101>=MAX(KnotsX),INDEX(KnotsY,COUNT(KnotsX)),INDEX(KnotsY,MATCH(S101,KnotsX,1))+(S101-INDEX(KnotsX,MATCH(S101,KnotsX,1)))*(INDEX(KnotsY,MATCH(S101,KnotsX,1)+1)-INDEX(KnotsY,MATCH(S101,KnotsX,1)))/(INDEX(KnotsX,MATCH(S101,KnotsX,1)+1)-INDEX(KnotsX,MATCH(S101,KnotsX,1))))) -> 138.19156 | U101: =IFERROR(INDEX(LoadingsMult, MATCH("DriverAge_Bin|"&L101, LoadingsKeys, 0)), 1) * IFERROR(INDEX(LoadingsMult, MATCH("VehAge_Bin|"&K101, LoadingsKeys, 0)), 1) * IFERROR(INDEX(LoadingsMult, MATCH("VehPower_Bin|"&J101, LoadingsKeys, 0)), 1) -> 0.9 | V101: =T101*U101 -> 124.37241 | W101: 124.37241 | X101: =V101-W101 -> 0 | Y101: =IFERROR(X101/W101,0) -> 0 | Z101: =IF(ABS(Y101)<0.0001,"PASS","FAIL") -> PASS
A103: SUMMARY
A104: Pass count | B104: =COUNTIF(Z2:Z101,"PASS") -> 100
A105: Max |Pct_Diff| | B105: =MAX(MAX(Y2:Y101),-MIN(Y2:Y101)) -> 0
A106: Mean |Pct_Diff| | B106: =SUMPRODUCT(ABS(Y2:Y101))/100 -> 0
